{
  "patient_id": "testVideo1",
  "session_id": 1764634117,
  "duration": 28.1,
  "overall_congruence": 0.7038,
  "legacy_congruence": 0.1601,
  "incongruent_moments": [
    {
      "start": 2.1,
      "end": 16.8,
      "reason": "The speaker's verbal content, which includes hesitations and a negative text valence, contrasts with their positive non-verbal signals, such as facial expressions, indicating a potential mismatch between their spoken words and emotional expression. This incongruence may suggest uncertainty or discomfort in the communication context."
    },
    {
      "start": 19.1,
      "end": 28.0,
      "reason": "The speaker's verbal content, which includes positive assertions about wealth and personal details, contrasts with negative non-verbal signals, such as facial expressions and audio tone, suggesting a lack of genuine confidence or discomfort with the statements made. This incongruence may indicate that the speaker is not fully aligned with the positive claims being expressed."
    }
  ],
  "emotion_distribution": {
    "face": {
      "joy": 0.3458155354658977,
      "sadness": 0.03129177495634386,
      "anger": 0.0064110972603004,
      "fear": 0.0012251022822620974,
      "disgust": 2.4863617150740766e-06,
      "surprise": 0.007747723190241523,
      "neutral": 0.6075062804832393
    },
    "audio": {
      "joy": 0.050000000000000294,
      "sadness": 0.050000000000000294,
      "anger": 0.050000000000000294,
      "fear": 0.050000000000000294,
      "disgust": 0.050000000000000294,
      "surprise": 0.050000000000000294,
      "neutral": 0.6999999999999982
    },
    "text": {
      "joy": 0.07589391628537533,
      "sadness": 0.04813590916793789,
      "anger": 0.020271140484663518,
      "fear": 0.04731740382985955,
      "disgust": 0.01272665649889839,
      "surprise": 0.07386544653448573,
      "neutral": 0.7217895271987795
    }
  },
  "metrics": {
    "avg_tecs": 0.7038,
    "num_incongruent_segments": 2
  }
}