{
  "patient_id": "4e3c1260-9e27-4cc8-9720-114e068d03f1",
  "session_id": 1764604063,
  "duration": 28.1,
  "overall_congruence": 0.705,
  "legacy_congruence": 0.1601,
  "incongruent_moments": [
    {
      "start": 2.1,
      "end": 16.8,
      "reason": "The speaker's verbal content, which includes uncertainty and potential dishonesty (\"can I give you lies too?\"), reflects a negative text valence, while their non-verbal signals, such as facial expressions, indicate a more positive demeanor. This discrepancy suggests a conflict between what is being said and the emotional cues being displayed."
    },
    {
      "start": 19.1,
      "end": 28.0,
      "reason": "The speaker's verbal content, which includes positive assertions about wealth, contrasts with negative non-verbal signals such as facial expressions and audio tone, indicating a lack of genuine confidence or enthusiasm in the claims made. This incongruence suggests potential discomfort or disbelief regarding the statements."
    }
  ],
  "emotion_distribution": {
    "face": {
      "joy": 0.3458155354658977,
      "sadness": 0.03129177495634386,
      "anger": 0.0064110972603004,
      "fear": 0.0012251022822620974,
      "disgust": 2.4863617150740766e-06,
      "surprise": 0.007747723190241523,
      "neutral": 0.6075062804832393
    },
    "audio": {
      "joy": 0.050000000000000294,
      "sadness": 0.050000000000000294,
      "anger": 0.050000000000000294,
      "fear": 0.050000000000000294,
      "disgust": 0.050000000000000294,
      "surprise": 0.050000000000000294,
      "neutral": 0.6999999999999982
    },
    "text": {
      "joy": 0.07589391628537516,
      "sadness": 0.048135909167937786,
      "anger": 0.03457719030672745,
      "fear": 0.05685477037790234,
      "disgust": 0.017495339772919765,
      "surprise": 0.0699152685985424,
      "neutral": 0.6971276054905952
    }
  },
  "metrics": {
    "avg_tecs": 0.705,
    "num_incongruent_segments": 2
  }
}