{
  "patient_id": "testVideo1",
  "session_id": 1764635523,
  "duration": 28.1,
  "overall_congruence": 0.7028,
  "legacy_congruence": 0.1139,
  "incongruent_moments": [
    {
      "start": 2.1,
      "end": 27.0,
      "reason": "The speaker's verbal content includes exaggerated or implausible statements, such as claiming to have a million dollars at a young age, while the low mean text valence and negative audio valence suggest a lack of genuine confidence or positivity, indicating a potential incongruence between what is said and how it is expressed."
    }
  ],
  "emotion_distribution": {
    "face": {
      "joy": 0.3458155354658977,
      "sadness": 0.03129177495634386,
      "anger": 0.0064110972603004,
      "fear": 0.0012251022822620974,
      "disgust": 2.4863617150740766e-06,
      "surprise": 0.007747723190241523,
      "neutral": 0.6075062804832393
    },
    "audio": {
      "joy": 0.050000000000000294,
      "sadness": 0.050000000000000294,
      "anger": 0.050000000000000294,
      "fear": 0.050000000000000294,
      "disgust": 0.050000000000000294,
      "surprise": 0.050000000000000294,
      "neutral": 0.6999999999999982
    },
    "text": {
      "joy": 0.08131672597864797,
      "sadness": 0.04797153024911048,
      "anger": 0.017366548042704606,
      "fear": 0.04758007117437708,
      "disgust": 0.016334519572953645,
      "surprise": 0.08049822064056975,
      "neutral": 0.7089323843416365
    }
  },
  "metrics": {
    "avg_tecs": 0.7028,
    "num_incongruent_segments": 1
  }
}