{
  "patient_id": "testVideo1",
  "session_id": 1764600599,
  "duration": 28.1,
  "overall_congruence": 0.704,
  "legacy_congruence": 0.1601,
  "incongruent_moments": [
    {
      "start": 2.1,
      "end": 16.8,
      "reason": "The speaker's verbal content, which includes uncertainty and a negative tone, contrasts with their positive non-verbal signals, such as facial expressions, indicating a potential disconnect between their spoken words and emotional cues. This incongruence may suggest discomfort or a lack of authenticity in the communication."
    },
    {
      "start": 19.1,
      "end": 28.0,
      "reason": "The speaker's verbal content expresses a neutral to positive tone regarding their age and financial status, yet the non-verbal signals, including facial and audio valence, indicate negative emotions, suggesting a disconnect between what is being said and the underlying feelings."
    }
  ],
  "emotion_distribution": {
    "face": {
      "joy": 0.3458155354658977,
      "sadness": 0.03129177495634386,
      "anger": 0.0064110972603004,
      "fear": 0.0012251022822620974,
      "disgust": 2.4863617150740766e-06,
      "surprise": 0.007747723190241523,
      "neutral": 0.6075062804832393
    },
    "audio": {
      "joy": 0.050000000000000294,
      "sadness": 0.050000000000000294,
      "anger": 0.050000000000000294,
      "fear": 0.050000000000000294,
      "disgust": 0.050000000000000294,
      "surprise": 0.050000000000000294,
      "neutral": 0.6999999999999982
    },
    "text": {
      "joy": 0.07589391628537534,
      "sadness": 0.048135909167937904,
      "anger": 0.020271140484663525,
      "fear": 0.047317403829859564,
      "disgust": 0.012726656498898392,
      "surprise": 0.06514658532452121,
      "neutral": 0.730508388408744
    }
  },
  "metrics": {
    "avg_tecs": 0.704,
    "num_incongruent_segments": 2
  }
}