{
  "patient_id": "testVideo",
  "session_id": 1764634976,
  "duration": 16.1,
  "overall_congruence": 0.8629,
  "legacy_congruence": 0.5714,
  "incongruent_moments": [
    {
      "start": 0.0,
      "end": 6.9,
      "reason": "The speaker's verbal content is neutral, while the non-verbal signals indicate negative valence across facial expressions, audio tone, and overall non-textual cues, suggesting a discrepancy between what is said and the emotional state conveyed through body language and voice."
    }
  ],
  "emotion_distribution": {
    "face": {
      "joy": 0.05580401454053778,
      "sadness": 0.030336888226117107,
      "anger": 0.004781711171717689,
      "fear": 0.07215781576044335,
      "disgust": 0.040360689919786995,
      "surprise": 0.0021905909865186494,
      "neutral": 0.7943682893948785
    },
    "audio": {
      "joy": 0.04999999999999982,
      "sadness": 0.04999999999999982,
      "anger": 0.04999999999999982,
      "fear": 0.04999999999999982,
      "disgust": 0.04999999999999982,
      "surprise": 0.04999999999999982,
      "neutral": 0.700000000000001
    },
    "text": {
      "joy": 0.09374999999999978,
      "sadness": 0.05624999999999988,
      "anger": 0.023749999999999993,
      "fear": 0.044999999999999964,
      "disgust": 0.021249999999999995,
      "surprise": 0.023749999999999993,
      "neutral": 0.7362500000000003
    }
  },
  "metrics": {
    "avg_tecs": 0.8629,
    "num_incongruent_segments": 1
  }
}